{
    "PlayerStatistics": {
        "Score": 1560,
        "Accuracy": 0.7962962985038757,
        "CriticalAccuracy": 0.6481481194496155
    }
}