{
    "PlayerStatistics": {
        "Score": 1560,
        "Accuracy": 0.8936170339584351,
        "CriticalAccuracy": 0.7659574747085571
    }
}